AC-ID,AC-TITLE,AAD-ID,AAD-TITLE,LABEL,MEAN-MAXSIM
specifier-1.1,Décrire les types de données en entrée et sortie de chaque composant,DDRS-001,Connaître les évolutions récentes du système terre et des causes de celles-ci,0,0.4854243696
specifier-1.1,Décrire les types de données en entrée et sortie de chaque composant,DDRS-002,Catégoriser les impacts environnementaux des activités anthropiques,0,0.5024271011
specifier-1.1,Décrire les types de données en entrée et sortie de chaque composant,DDRS-003,Définir une Unité Fonctionnelle et un flux de référence,0,0.5284898281
specifier-1.1,Décrire les types de données en entrée et sortie de chaque composant,DDRS-004,Analyser et comprendre une ACV,0,0.5458089113
specifier-1.1,Décrire les types de données en entrée et sortie de chaque composant,DDRS-005,"Faire preuve de regard critique sur les résultats d'une ACV (hypothèses sur les données, contexte dans lequel elle est valide...)",0,0.5227560401
specifier-1.2,Décomposer et organiser un processus,DDRS-001,Connaître les évolutions récentes du système terre et des causes de celles-ci,0,0.5048717260
specifier-1.2,Décomposer et organiser un processus,DDRS-002,Catégoriser les impacts environnementaux des activités anthropiques,1,0.5242809057
specifier-1.2,Décomposer et organiser un processus,DDRS-003,Définir une Unité Fonctionnelle et un flux de référence,1,0.5314098597
specifier-1.2,Décomposer et organiser un processus,DDRS-004,Analyser et comprendre une ACV,0,0.5463073254
specifier-1.2,Décomposer et organiser un processus,DDRS-005,"Faire preuve de regard critique sur les résultats d'une ACV (hypothèses sur les données, contexte dans lequel elle est valide...)",0,0.5053884983
specifier-1.3,Utiliser un langage formel,DDRS-001,Connaître les évolutions récentes du système terre et des causes de celles-ci,0,0.5055468082
specifier-1.3,Utiliser un langage formel,DDRS-002,Catégoriser les impacts environnementaux des activités anthropiques,0,0.5192607045
specifier-1.3,Utiliser un langage formel,DDRS-003,Définir une Unité Fonctionnelle et un flux de référence,0,0.5301014781
specifier-1.3,Utiliser un langage formel,DDRS-004,Analyser et comprendre une ACV,0,0.5419524908
specifier-1.3,Utiliser un langage formel,DDRS-005,"Faire preuve de regard critique sur les résultats d'une ACV (hypothèses sur les données, contexte dans lequel elle est valide...)",0,0.5056381226
specifier-2.1,Analyser la demande,DDRS-001,Connaître les évolutions récentes du système terre et des causes de celles-ci,0,0.5092142820
specifier-2.1,Analyser la demande,DDRS-002,Catégoriser les impacts environnementaux des activités anthropiques,0,0.5211913586
specifier-2.1,Analyser la demande,DDRS-003,Définir une Unité Fonctionnelle et un flux de référence,0,0.5156421661
specifier-2.1,Analyser la demande,DDRS-004,Analyser et comprendre une ACV,0,0.5920598507
specifier-2.1,Analyser la demande,DDRS-005,"Faire preuve de regard critique sur les résultats d'une ACV (hypothèses sur les données, contexte dans lequel elle est valide...)",0,0.5060995221
specifier-2.2,Définir des cas d’utilisation,DDRS-001,Connaître les évolutions récentes du système terre et des causes de celles-ci,0,0.5021966696
specifier-2.2,Définir des cas d’utilisation,DDRS-002,Catégoriser les impacts environnementaux des activités anthropiques,0,0.5177167058
specifier-2.2,Définir des cas d’utilisation,DDRS-003,Définir une Unité Fonctionnelle et un flux de référence,0,0.5359582305
specifier-2.2,Définir des cas d’utilisation,DDRS-004,Analyser et comprendre une ACV,0,0.5341294408
specifier-2.2,Définir des cas d’utilisation,DDRS-005,"Faire preuve de regard critique sur les résultats d'une ACV (hypothèses sur les données, contexte dans lequel elle est valide...)",0,0.5051301718
specifier-2.3,Caractériser l’utilisation des données au regard du RGPD,DDRS-001,Connaître les évolutions récentes du système terre et des causes de celles-ci,0,0.4849131703
specifier-2.3,Caractériser l’utilisation des données au regard du RGPD,DDRS-002,Catégoriser les impacts environnementaux des activités anthropiques,0,0.5187556744
specifier-2.3,Caractériser l’utilisation des données au regard du RGPD,DDRS-003,Définir une Unité Fonctionnelle et un flux de référence,0,0.5124377608
specifier-2.3,Caractériser l’utilisation des données au regard du RGPD,DDRS-004,Analyser et comprendre une ACV,0,0.5290426016
specifier-2.3,Caractériser l’utilisation des données au regard du RGPD,DDRS-005,"Faire preuve de regard critique sur les résultats d'une ACV (hypothèses sur les données, contexte dans lequel elle est valide...)",0,0.5489246249
specifier-3.1,Discriminer et hiérarchiser les demandes,DDRS-001,Connaître les évolutions récentes du système terre et des causes de celles-ci,0,0.5009035468
specifier-3.1,Discriminer et hiérarchiser les demandes,DDRS-002,Catégoriser les impacts environnementaux des activités anthropiques,0,0.5196208954
specifier-3.1,Discriminer et hiérarchiser les demandes,DDRS-003,Définir une Unité Fonctionnelle et un flux de référence,0,0.5172082186
specifier-3.1,Discriminer et hiérarchiser les demandes,DDRS-004,Analyser et comprendre une ACV,0,0.5306475163
specifier-3.1,Discriminer et hiérarchiser les demandes,DDRS-005,"Faire preuve de regard critique sur les résultats d'une ACV (hypothèses sur les données, contexte dans lequel elle est valide...)",0,0.4997566938
specifier-3.2,Définir la recette,DDRS-001,Connaître les évolutions récentes du système terre et des causes de celles-ci,0,0.4967075586
specifier-3.2,Définir la recette,DDRS-002,Catégoriser les impacts environnementaux des activités anthropiques,0,0.5099688768
specifier-3.2,Définir la recette,DDRS-003,Définir une Unité Fonctionnelle et un flux de référence,0,0.5297553539
specifier-3.2,Définir la recette,DDRS-004,Analyser et comprendre une ACV,0,0.5290004015
specifier-3.2,Définir la recette,DDRS-005,"Faire preuve de regard critique sur les résultats d'une ACV (hypothèses sur les données, contexte dans lequel elle est valide...)",0,0.4878107309
specifier-3.3,Lister les tests fonctionnels,DDRS-001,Connaître les évolutions récentes du système terre et des causes de celles-ci,0,0.4891217351
specifier-3.3,Lister les tests fonctionnels,DDRS-002,Catégoriser les impacts environnementaux des activités anthropiques,0,0.5044047832
specifier-3.3,Lister les tests fonctionnels,DDRS-003,Définir une Unité Fonctionnelle et un flux de référence,0,0.5327847004
specifier-3.3,Lister les tests fonctionnels,DDRS-004,Analyser et comprendre une ACV,0,0.5359750986
specifier-3.3,Lister les tests fonctionnels,DDRS-005,"Faire preuve de regard critique sur les résultats d'une ACV (hypothèses sur les données, contexte dans lequel elle est valide...)",0,0.4947321415
specifier-4.1,Recueillir et reformuler les demandes du prescripteur en confrontant sa demande (fonctionnalités et données) à ses besoins réels pour prendre en compte le DDRS,DDRS-001,Connaître les évolutions récentes du système terre et des causes de celles-ci,0,0.4990770221
specifier-4.1,Recueillir et reformuler les demandes du prescripteur en confrontant sa demande (fonctionnalités et données) à ses besoins réels pour prendre en compte le DDRS,DDRS-002,Catégoriser les impacts environnementaux des activités anthropiques,0,0.5099579692
specifier-4.1,Recueillir et reformuler les demandes du prescripteur en confrontant sa demande (fonctionnalités et données) à ses besoins réels pour prendre en compte le DDRS,DDRS-003,Définir une Unité Fonctionnelle et un flux de référence,0,0.5473606586
specifier-4.1,Recueillir et reformuler les demandes du prescripteur en confrontant sa demande (fonctionnalités et données) à ses besoins réels pour prendre en compte le DDRS,DDRS-004,Analyser et comprendre une ACV,0,0.5506502390
specifier-4.1,Recueillir et reformuler les demandes du prescripteur en confrontant sa demande (fonctionnalités et données) à ses besoins réels pour prendre en compte le DDRS,DDRS-005,"Faire preuve de regard critique sur les résultats d'une ACV (hypothèses sur les données, contexte dans lequel elle est valide...)",0,0.5457618237
specifier-4.2,Prototyper des interfaces utilisateurs en prenant la RGAA,DDRS-001,Connaître les évolutions récentes du système terre et des causes de celles-ci,0,0.5009312034
specifier-4.2,Prototyper des interfaces utilisateurs en prenant la RGAA,DDRS-002,Catégoriser les impacts environnementaux des activités anthropiques,0,0.5136723518
specifier-4.2,Prototyper des interfaces utilisateurs en prenant la RGAA,DDRS-003,Définir une Unité Fonctionnelle et un flux de référence,0,0.5124672055
specifier-4.2,Prototyper des interfaces utilisateurs en prenant la RGAA,DDRS-004,Analyser et comprendre une ACV,0,0.5275299549
specifier-4.2,Prototyper des interfaces utilisateurs en prenant la RGAA,DDRS-005,"Faire preuve de regard critique sur les résultats d'une ACV (hypothèses sur les données, contexte dans lequel elle est valide...)",0,0.4916169643
specifier-4.3,Respecter un référentiel qualité,DDRS-001,Connaître les évolutions récentes du système terre et des causes de celles-ci,0,0.5033963323
specifier-4.3,Respecter un référentiel qualité,DDRS-002,Catégoriser les impacts environnementaux des activités anthropiques,0,0.5184967518
specifier-4.3,Respecter un référentiel qualité,DDRS-003,Définir une Unité Fonctionnelle et un flux de référence,0,0.5520481467
specifier-4.3,Respecter un référentiel qualité,DDRS-004,Analyser et comprendre une ACV,0,0.5331522226
specifier-4.3,Respecter un référentiel qualité,DDRS-005,"Faire preuve de regard critique sur les résultats d'une ACV (hypothèses sur les données, contexte dans lequel elle est valide...)",0,0.5194389820
modeliser-1.1,Représenter une collection de données numériquement ou symboliquement,DDRS-001,Connaître les évolutions récentes du système terre et des causes de celles-ci,0,0.4927931428
modeliser-1.1,Représenter une collection de données numériquement ou symboliquement,DDRS-002,Catégoriser les impacts environnementaux des activités anthropiques,0,0.5077615380
modeliser-1.1,Représenter une collection de données numériquement ou symboliquement,DDRS-003,Définir une Unité Fonctionnelle et un flux de référence,0,0.5312702060
modeliser-1.1,Représenter une collection de données numériquement ou symboliquement,DDRS-004,Analyser et comprendre une ACV,0,0.5304204822
modeliser-1.1,Représenter une collection de données numériquement ou symboliquement,DDRS-005,"Faire preuve de regard critique sur les résultats d'une ACV (hypothèses sur les données, contexte dans lequel elle est valide...)",0,0.5136018991
modeliser-1.2,Déterminer les propriétés des entrées sorties d’un composant logiciel ou matériel,DDRS-001,Connaître les évolutions récentes du système terre et des causes de celles-ci,0,0.4836544394
modeliser-1.2,Déterminer les propriétés des entrées sorties d’un composant logiciel ou matériel,DDRS-002,Catégoriser les impacts environnementaux des activités anthropiques,0,0.4986718595
modeliser-1.2,Déterminer les propriétés des entrées sorties d’un composant logiciel ou matériel,DDRS-003,Définir une Unité Fonctionnelle et un flux de référence,0,0.5238929987
modeliser-1.2,Déterminer les propriétés des entrées sorties d’un composant logiciel ou matériel,DDRS-004,Analyser et comprendre une ACV,0,0.5438913703
modeliser-1.2,Déterminer les propriétés des entrées sorties d’un composant logiciel ou matériel,DDRS-005,"Faire preuve de regard critique sur les résultats d'une ACV (hypothèses sur les données, contexte dans lequel elle est valide...)",0,0.5105069876
modeliser-1.3,Déterminer la famille d’algorithmes à utiliser au regard des données numériques ou symboliques à traiter,DDRS-001,Connaître les évolutions récentes du système terre et des causes de celles-ci,0,0.4852070212
modeliser-1.3,Déterminer la famille d’algorithmes à utiliser au regard des données numériques ou symboliques à traiter,DDRS-002,Catégoriser les impacts environnementaux des activités anthropiques,0,0.4998519421
modeliser-1.3,Déterminer la famille d’algorithmes à utiliser au regard des données numériques ou symboliques à traiter,DDRS-003,Définir une Unité Fonctionnelle et un flux de référence,0,0.5117191076
modeliser-1.3,Déterminer la famille d’algorithmes à utiliser au regard des données numériques ou symboliques à traiter,DDRS-004,Analyser et comprendre une ACV,0,0.5460191965
modeliser-1.3,Déterminer la famille d’algorithmes à utiliser au regard des données numériques ou symboliques à traiter,DDRS-005,"Faire preuve de regard critique sur les résultats d'une ACV (hypothèses sur les données, contexte dans lequel elle est valide...)",0,0.5432740450
modeliser-1.4,Identifier le rôle des composants d’un ordinateur ou des systèmes électroniques,DDRS-001,Connaître les évolutions récentes du système terre et des causes de celles-ci,0,0.4916584492
modeliser-1.4,Identifier le rôle des composants d’un ordinateur ou des systèmes électroniques,DDRS-002,Catégoriser les impacts environnementaux des activités anthropiques,0,0.4924781322
modeliser-1.4,Identifier le rôle des composants d’un ordinateur ou des systèmes électroniques,DDRS-003,Définir une Unité Fonctionnelle et un flux de référence,0,0.5020090342
modeliser-1.4,Identifier le rôle des composants d’un ordinateur ou des systèmes électroniques,DDRS-004,Analyser et comprendre une ACV,0,0.5294139385
modeliser-1.4,Identifier le rôle des composants d’un ordinateur ou des systèmes électroniques,DDRS-005,"Faire preuve de regard critique sur les résultats d'une ACV (hypothèses sur les données, contexte dans lequel elle est valide...)",0,0.4827098846
modeliser-2.1,Analyser les données numériques et symboliques du problème,DDRS-001,Connaître les évolutions récentes du système terre et des causes de celles-ci,0,0.5009282231
modeliser-2.1,Analyser les données numériques et symboliques du problème,DDRS-002,Catégoriser les impacts environnementaux des activités anthropiques,0,0.5115486383
modeliser-2.1,Analyser les données numériques et symboliques du problème,DDRS-003,Définir une Unité Fonctionnelle et un flux de référence,0,0.5075302124
modeliser-2.1,Analyser les données numériques et symboliques du problème,DDRS-004,Analyser et comprendre une ACV,0,0.5824992061
modeliser-2.1,Analyser les données numériques et symboliques du problème,DDRS-005,"Faire preuve de regard critique sur les résultats d'une ACV (hypothèses sur les données, contexte dans lequel elle est valide...)",0,0.5388695002
modeliser-2.2,Comparer les différentes représentations numériques et symboliques des données,DDRS-001,Connaître les évolutions récentes du système terre et des causes de celles-ci,0,0.4967396259
modeliser-2.2,Comparer les différentes représentations numériques et symboliques des données,DDRS-002,Catégoriser les impacts environnementaux des activités anthropiques,0,0.5058665872
modeliser-2.2,Comparer les différentes représentations numériques et symboliques des données,DDRS-003,Définir une Unité Fonctionnelle et un flux de référence,0,0.5061228871
modeliser-2.2,Comparer les différentes représentations numériques et symboliques des données,DDRS-004,Analyser et comprendre une ACV,0,0.5476562977
modeliser-2.2,Comparer les différentes représentations numériques et symboliques des données,DDRS-005,"Faire preuve de regard critique sur les résultats d'une ACV (hypothèses sur les données, contexte dans lequel elle est valide...)",0,0.5217214823
modeliser-2.3,Représenter dans le paradigme de la programmation orienté objet aussi bien les données que les fonctionnalités du problème,DDRS-001,Connaître les évolutions récentes du système terre et des causes de celles-ci,0,0.4897864163
modeliser-2.3,Représenter dans le paradigme de la programmation orienté objet aussi bien les données que les fonctionnalités du problème,DDRS-002,Catégoriser les impacts environnementaux des activités anthropiques,0,0.5039844513
modeliser-2.3,Représenter dans le paradigme de la programmation orienté objet aussi bien les données que les fonctionnalités du problème,DDRS-003,Définir une Unité Fonctionnelle et un flux de référence,0,0.5322567225
modeliser-2.3,Représenter dans le paradigme de la programmation orienté objet aussi bien les données que les fonctionnalités du problème,DDRS-004,Analyser et comprendre une ACV,0,0.5285289884
modeliser-2.3,Représenter dans le paradigme de la programmation orienté objet aussi bien les données que les fonctionnalités du problème,DDRS-005,"Faire preuve de regard critique sur les résultats d'une ACV (hypothèses sur les données, contexte dans lequel elle est valide...)",0,0.5244183540
modeliser-2.4,Identifier le fonctionnement et les différentes implantations des composants d’un ordinateur ou des systèmes électroniques,DDRS-001,Connaître les évolutions récentes du système terre et des causes de celles-ci,0,0.5004186034
modeliser-2.4,Identifier le fonctionnement et les différentes implantations des composants d’un ordinateur ou des systèmes électroniques,DDRS-002,Catégoriser les impacts environnementaux des activités anthropiques,0,0.4964553714
modeliser-2.4,Identifier le fonctionnement et les différentes implantations des composants d’un ordinateur ou des systèmes électroniques,DDRS-003,Définir une Unité Fonctionnelle et un flux de référence,0,0.5229640007
modeliser-2.4,Identifier le fonctionnement et les différentes implantations des composants d’un ordinateur ou des systèmes électroniques,DDRS-004,Analyser et comprendre une ACV,0,0.5374512672
modeliser-2.4,Identifier le fonctionnement et les différentes implantations des composants d’un ordinateur ou des systèmes électroniques,DDRS-005,"Faire preuve de regard critique sur les résultats d'une ACV (hypothèses sur les données, contexte dans lequel elle est valide...)",0,0.4897856712
modeliser-3.1,Normaliser des données pour appliquer un modèle,DDRS-001,Connaître les évolutions récentes du système terre et des causes de celles-ci,0,0.4930334091
modeliser-3.1,Normaliser des données pour appliquer un modèle,DDRS-002,Catégoriser les impacts environnementaux des activités anthropiques,0,0.5056550503
modeliser-3.1,Normaliser des données pour appliquer un modèle,DDRS-003,Définir une Unité Fonctionnelle et un flux de référence,0,0.5106577873
modeliser-3.1,Normaliser des données pour appliquer un modèle,DDRS-004,Analyser et comprendre une ACV,0,0.5420682430
modeliser-3.1,Normaliser des données pour appliquer un modèle,DDRS-005,"Faire preuve de regard critique sur les résultats d'une ACV (hypothèses sur les données, contexte dans lequel elle est valide...)",0,0.5171433687
modeliser-3.2,Caractériser les données pour en déduire le modèle,DDRS-001,Connaître les évolutions récentes du système terre et des causes de celles-ci,0,0.5002187490
modeliser-3.2,Caractériser les données pour en déduire le modèle,DDRS-002,Catégoriser les impacts environnementaux des activités anthropiques,0,0.5251176357
modeliser-3.2,Caractériser les données pour en déduire le modèle,DDRS-003,Définir une Unité Fonctionnelle et un flux de référence,0,0.5117833614
modeliser-3.2,Caractériser les données pour en déduire le modèle,DDRS-004,Analyser et comprendre une ACV,0,0.5498654842
modeliser-3.2,Caractériser les données pour en déduire le modèle,DDRS-005,"Faire preuve de regard critique sur les résultats d'une ACV (hypothèses sur les données, contexte dans lequel elle est valide...)",0,0.5491963625
modeliser-4.1,Transformer le modèle pour obtenir une résolution acceptable,DDRS-001,Connaître les évolutions récentes du système terre et des causes de celles-ci,0,0.5160311460
modeliser-4.1,Transformer le modèle pour obtenir une résolution acceptable,DDRS-002,Catégoriser les impacts environnementaux des activités anthropiques,0,0.5228558779
modeliser-4.1,Transformer le modèle pour obtenir une résolution acceptable,DDRS-003,Définir une Unité Fonctionnelle et un flux de référence,0,0.5183589458
modeliser-4.1,Transformer le modèle pour obtenir une résolution acceptable,DDRS-004,Analyser et comprendre une ACV,0,0.5399391055
modeliser-4.1,Transformer le modèle pour obtenir une résolution acceptable,DDRS-005,"Faire preuve de regard critique sur les résultats d'une ACV (hypothèses sur les données, contexte dans lequel elle est valide...)",0,0.5051853061
modeliser-4.2,Transformer les données pour obtenir une résolution acceptable,DDRS-001,Connaître les évolutions récentes du système terre et des causes de celles-ci,0,0.5139867663
modeliser-4.2,Transformer les données pour obtenir une résolution acceptable,DDRS-002,Catégoriser les impacts environnementaux des activités anthropiques,0,0.5188232064
modeliser-4.2,Transformer les données pour obtenir une résolution acceptable,DDRS-003,Définir une Unité Fonctionnelle et un flux de référence,0,0.5219926834
modeliser-4.2,Transformer les données pour obtenir une résolution acceptable,DDRS-004,Analyser et comprendre une ACV,0,0.5478619337
modeliser-4.2,Transformer les données pour obtenir une résolution acceptable,DDRS-005,"Faire preuve de regard critique sur les résultats d'une ACV (hypothèses sur les données, contexte dans lequel elle est valide...)",0,0.5347168446
modeliser-4.3,Construire les modèles statistiques adaptés aux données,DDRS-001,Connaître les évolutions récentes du système terre et des causes de celles-ci,0,0.4949570000
modeliser-4.3,Construire les modèles statistiques adaptés aux données,DDRS-002,Catégoriser les impacts environnementaux des activités anthropiques,0,0.5090153217
modeliser-4.3,Construire les modèles statistiques adaptés aux données,DDRS-003,Définir une Unité Fonctionnelle et un flux de référence,0,0.5111039877
modeliser-4.3,Construire les modèles statistiques adaptés aux données,DDRS-004,Analyser et comprendre une ACV,0,0.5434243679
modeliser-4.3,Construire les modèles statistiques adaptés aux données,DDRS-005,"Faire preuve de regard critique sur les résultats d'une ACV (hypothèses sur les données, contexte dans lequel elle est valide...)",0,0.5490275621
modeliser-4.4,Évaluer les besoins en ressources,DDRS-001,Connaître les évolutions récentes du système terre et des causes de celles-ci,0,0.4944380820
modeliser-4.4,Évaluer les besoins en ressources,DDRS-002,Catégoriser les impacts environnementaux des activités anthropiques,0,0.5095774531
modeliser-4.4,Évaluer les besoins en ressources,DDRS-003,Définir une Unité Fonctionnelle et un flux de référence,0,0.5184215307
modeliser-4.4,Évaluer les besoins en ressources,DDRS-004,Analyser et comprendre une ACV,0,0.5556793213
modeliser-4.4,Évaluer les besoins en ressources,DDRS-005,"Faire preuve de regard critique sur les résultats d'une ACV (hypothèses sur les données, contexte dans lequel elle est valide...)",0,0.5077882409
concevoir-1.1,Transposer une expression formelle en algorithme et vice-versa,DDRS-001,Connaître les évolutions récentes du système terre et des causes de celles-ci,0,0.4927588105
concevoir-1.1,Transposer une expression formelle en algorithme et vice-versa,DDRS-002,Catégoriser les impacts environnementaux des activités anthropiques,0,0.5020689964
concevoir-1.1,Transposer une expression formelle en algorithme et vice-versa,DDRS-003,Définir une Unité Fonctionnelle et un flux de référence,0,0.5042887926
concevoir-1.1,Transposer une expression formelle en algorithme et vice-versa,DDRS-004,Analyser et comprendre une ACV,0,0.5302785635
concevoir-1.1,Transposer une expression formelle en algorithme et vice-versa,DDRS-005,"Faire preuve de regard critique sur les résultats d'une ACV (hypothèses sur les données, contexte dans lequel elle est valide...)",0,0.4879772961
concevoir-1.2,Transposer une représentation formelle en structure de données et vice-versa,DDRS-001,Connaître les évolutions récentes du système terre et des causes de celles-ci,0,0.4973297119
concevoir-1.2,Transposer une représentation formelle en structure de données et vice-versa,DDRS-002,Catégoriser les impacts environnementaux des activités anthropiques,0,0.5089071393
concevoir-1.2,Transposer une représentation formelle en structure de données et vice-versa,DDRS-003,Définir une Unité Fonctionnelle et un flux de référence,0,0.5184187889
concevoir-1.2,Transposer une représentation formelle en structure de données et vice-versa,DDRS-004,Analyser et comprendre une ACV,0,0.5326433182
concevoir-1.2,Transposer une représentation formelle en structure de données et vice-versa,DDRS-005,"Faire preuve de regard critique sur les résultats d'une ACV (hypothèses sur les données, contexte dans lequel elle est valide...)",0,0.5101584196
concevoir-1.3,Intégrer des composants logiciels ou physiques au sein d’un système,DDRS-001,Connaître les évolutions récentes du système terre et des causes de celles-ci,0,0.5035783052
concevoir-1.3,Intégrer des composants logiciels ou physiques au sein d’un système,DDRS-002,Catégoriser les impacts environnementaux des activités anthropiques,0,0.5071829557
concevoir-1.3,Intégrer des composants logiciels ou physiques au sein d’un système,DDRS-003,Définir une Unité Fonctionnelle et un flux de référence,0,0.5317232609
concevoir-1.3,Intégrer des composants logiciels ou physiques au sein d’un système,DDRS-004,Analyser et comprendre une ACV,0,0.5280674100
concevoir-1.3,Intégrer des composants logiciels ou physiques au sein d’un système,DDRS-005,"Faire preuve de regard critique sur les résultats d'une ACV (hypothèses sur les données, contexte dans lequel elle est valide...)",0,0.4941502512
concevoir-2.1,Sélectionner les structures de données dont la complexité (en temps et en espace) est adaptée,DDRS-001,Connaître les évolutions récentes du système terre et des causes de celles-ci,0,0.4966761470
concevoir-2.1,Sélectionner les structures de données dont la complexité (en temps et en espace) est adaptée,DDRS-002,Catégoriser les impacts environnementaux des activités anthropiques,0,0.5115249753
concevoir-2.1,Sélectionner les structures de données dont la complexité (en temps et en espace) est adaptée,DDRS-003,Définir une Unité Fonctionnelle et un flux de référence,0,0.5144591928
concevoir-2.1,Sélectionner les structures de données dont la complexité (en temps et en espace) est adaptée,DDRS-004,Analyser et comprendre une ACV,0,0.5396023393
concevoir-2.1,Sélectionner les structures de données dont la complexité (en temps et en espace) est adaptée,DDRS-005,"Faire preuve de regard critique sur les résultats d'une ACV (hypothèses sur les données, contexte dans lequel elle est valide...)",0,0.5410782695
concevoir-2.2,Choisir les patrons de conception,DDRS-001,Connaître les évolutions récentes du système terre et des causes de celles-ci,0,0.4970943928
concevoir-2.2,Choisir les patrons de conception,DDRS-002,Catégoriser les impacts environnementaux des activités anthropiques,0,0.5086852908
concevoir-2.2,Choisir les patrons de conception,DDRS-003,Définir une Unité Fonctionnelle et un flux de référence,0,0.5065335035
concevoir-2.2,Choisir les patrons de conception,DDRS-004,Analyser et comprendre une ACV,0,0.5227726698
concevoir-2.2,Choisir les patrons de conception,DDRS-005,"Faire preuve de regard critique sur les résultats d'une ACV (hypothèses sur les données, contexte dans lequel elle est valide...)",0,0.4888243973
concevoir-2.3,Choisir le framework,DDRS-001,Connaître les évolutions récentes du système terre et des causes de celles-ci,0,0.5064405203
concevoir-2.3,Choisir le framework,DDRS-002,Catégoriser les impacts environnementaux des activités anthropiques,0,0.5179278851
concevoir-2.3,Choisir le framework,DDRS-003,Définir une Unité Fonctionnelle et un flux de référence,0,0.5175024271
concevoir-2.3,Choisir le framework,DDRS-004,Analyser et comprendre une ACV,0,0.5309165120
concevoir-2.3,Choisir le framework,DDRS-005,"Faire preuve de regard critique sur les résultats d'une ACV (hypothèses sur les données, contexte dans lequel elle est valide...)",0,0.5011966228
concevoir-2.4,"Prétraiter, estimer et prédire un signal à l’aide d’un système linéaire",DDRS-001,Connaître les évolutions récentes du système terre et des causes de celles-ci,0,0.5090467930
concevoir-2.4,"Prétraiter, estimer et prédire un signal à l’aide d’un système linéaire",DDRS-002,Catégoriser les impacts environnementaux des activités anthropiques,0,0.5084390640
concevoir-2.4,"Prétraiter, estimer et prédire un signal à l’aide d’un système linéaire",DDRS-003,Définir une Unité Fonctionnelle et un flux de référence,0,0.5273294449
concevoir-2.4,"Prétraiter, estimer et prédire un signal à l’aide d’un système linéaire",DDRS-004,Analyser et comprendre une ACV,0,0.5618563890
concevoir-2.4,"Prétraiter, estimer et prédire un signal à l’aide d’un système linéaire",DDRS-005,"Faire preuve de regard critique sur les résultats d'une ACV (hypothèses sur les données, contexte dans lequel elle est valide...)",0,0.5180948377
concevoir-2.5,Identifier le paradigme de traitement de données statistique,DDRS-001,Connaître les évolutions récentes du système terre et des causes de celles-ci,0,0.4869380295
concevoir-2.5,Identifier le paradigme de traitement de données statistique,DDRS-002,Catégoriser les impacts environnementaux des activités anthropiques,0,0.4973272383
concevoir-2.5,Identifier le paradigme de traitement de données statistique,DDRS-003,Définir une Unité Fonctionnelle et un flux de référence,0,0.5025749207
concevoir-2.5,Identifier le paradigme de traitement de données statistique,DDRS-004,Analyser et comprendre une ACV,0,0.5491122007
concevoir-2.5,Identifier le paradigme de traitement de données statistique,DDRS-005,"Faire preuve de regard critique sur les résultats d'une ACV (hypothèses sur les données, contexte dans lequel elle est valide...)",0,0.5377227664
concevoir-3.1,Évaluer la complexité du traitement,DDRS-001,Connaître les évolutions récentes du système terre et des causes de celles-ci,0,0.4960311055
concevoir-3.1,Évaluer la complexité du traitement,DDRS-002,Catégoriser les impacts environnementaux des activités anthropiques,0,0.5126683712
concevoir-3.1,Évaluer la complexité du traitement,DDRS-003,Définir une Unité Fonctionnelle et un flux de référence,0,0.5110863447
concevoir-3.1,Évaluer la complexité du traitement,DDRS-004,Analyser et comprendre une ACV,0,0.5638808012
concevoir-3.1,Évaluer la complexité du traitement,DDRS-005,"Faire preuve de regard critique sur les résultats d'une ACV (hypothèses sur les données, contexte dans lequel elle est valide...)",0,0.5250420570
concevoir-3.2,Intégrer des patrons de conception,DDRS-001,Connaître les évolutions récentes du système terre et des causes de celles-ci,0,0.5039708614
concevoir-3.2,Intégrer des patrons de conception,DDRS-002,Catégoriser les impacts environnementaux des activités anthropiques,0,0.5150542259
concevoir-3.2,Intégrer des patrons de conception,DDRS-003,Définir une Unité Fonctionnelle et un flux de référence,0,0.5204133987
concevoir-3.2,Intégrer des patrons de conception,DDRS-004,Analyser et comprendre une ACV,0,0.5289550424
concevoir-3.2,Intégrer des patrons de conception,DDRS-005,"Faire preuve de regard critique sur les résultats d'une ACV (hypothèses sur les données, contexte dans lequel elle est valide...)",0,0.4973827600
concevoir-3.3,Adapter le framework,DDRS-001,Connaître les évolutions récentes du système terre et des causes de celles-ci,0,0.5127971768
concevoir-3.3,Adapter le framework,DDRS-002,Catégoriser les impacts environnementaux des activités anthropiques,0,0.5210086107
concevoir-3.3,Adapter le framework,DDRS-003,Définir une Unité Fonctionnelle et un flux de référence,0,0.5207957029
concevoir-3.3,Adapter le framework,DDRS-004,Analyser et comprendre une ACV,0,0.5358775854
concevoir-3.3,Adapter le framework,DDRS-005,"Faire preuve de regard critique sur les résultats d'une ACV (hypothèses sur les données, contexte dans lequel elle est valide...)",0,0.4963468313
concevoir-3.4,Échanger de manière adaptée et sécurisée les données,DDRS-001,Connaître les évolutions récentes du système terre et des causes de celles-ci,0,0.5051003098
concevoir-3.4,Échanger de manière adaptée et sécurisée les données,DDRS-002,Catégoriser les impacts environnementaux des activités anthropiques,0,0.5173234940
concevoir-3.4,Échanger de manière adaptée et sécurisée les données,DDRS-003,Définir une Unité Fonctionnelle et un flux de référence,0,0.5221831203
concevoir-3.4,Échanger de manière adaptée et sécurisée les données,DDRS-004,Analyser et comprendre une ACV,0,0.5318163037
concevoir-3.4,Échanger de manière adaptée et sécurisée les données,DDRS-005,"Faire preuve de regard critique sur les résultats d'une ACV (hypothèses sur les données, contexte dans lequel elle est valide...)",0,0.5146360993
concevoir-4.1,Aligner des structures de données issues de différents paradigmes,DDRS-001,Connaître les évolutions récentes du système terre et des causes de celles-ci,0,0.5054537654
concevoir-4.1,Aligner des structures de données issues de différents paradigmes,DDRS-002,Catégoriser les impacts environnementaux des activités anthropiques,0,0.5137164593
concevoir-4.1,Aligner des structures de données issues de différents paradigmes,DDRS-003,Définir une Unité Fonctionnelle et un flux de référence,0,0.5184000134
concevoir-4.1,Aligner des structures de données issues de différents paradigmes,DDRS-004,Analyser et comprendre une ACV,0,0.5465452075
concevoir-4.1,Aligner des structures de données issues de différents paradigmes,DDRS-005,"Faire preuve de regard critique sur les résultats d'une ACV (hypothèses sur les données, contexte dans lequel elle est valide...)",0,0.5250897408
concevoir-4.2,Choisir le paradigme de programmation le mieux adapté aux traitements,DDRS-001,Connaître les évolutions récentes du système terre et des causes de celles-ci,0,0.4904435277
concevoir-4.2,Choisir le paradigme de programmation le mieux adapté aux traitements,DDRS-002,Catégoriser les impacts environnementaux des activités anthropiques,0,0.5061264038
concevoir-4.2,Choisir le paradigme de programmation le mieux adapté aux traitements,DDRS-003,Définir une Unité Fonctionnelle et un flux de référence,0,0.5032781959
concevoir-4.2,Choisir le paradigme de programmation le mieux adapté aux traitements,DDRS-004,Analyser et comprendre une ACV,0,0.5226775408
concevoir-4.2,Choisir le paradigme de programmation le mieux adapté aux traitements,DDRS-005,"Faire preuve de regard critique sur les résultats d'une ACV (hypothèses sur les données, contexte dans lequel elle est valide...)",0,0.4942435026
concevoir-4.3,Choisir les patrons d'architecture,DDRS-001,Connaître les évolutions récentes du système terre et des causes de celles-ci,0,0.4922836423
concevoir-4.3,Choisir les patrons d'architecture,DDRS-002,Catégoriser les impacts environnementaux des activités anthropiques,0,0.5030671358
concevoir-4.3,Choisir les patrons d'architecture,DDRS-003,Définir une Unité Fonctionnelle et un flux de référence,0,0.5017682314
concevoir-4.3,Choisir les patrons d'architecture,DDRS-004,Analyser et comprendre une ACV,0,0.5196821690
concevoir-4.3,Choisir les patrons d'architecture,DDRS-005,"Faire preuve de regard critique sur les résultats d'une ACV (hypothèses sur les données, contexte dans lequel elle est valide...)",0,0.4823645353
concevoir-4.4,"Prétraiter, estimer et prédire un signal à l’aide d’un système non linéaire",DDRS-001,Connaître les évolutions récentes du système terre et des causes de celles-ci,0,0.5101329684
concevoir-4.4,"Prétraiter, estimer et prédire un signal à l’aide d’un système non linéaire",DDRS-002,Catégoriser les impacts environnementaux des activités anthropiques,0,0.5074728727
concevoir-4.4,"Prétraiter, estimer et prédire un signal à l’aide d’un système non linéaire",DDRS-003,Définir une Unité Fonctionnelle et un flux de référence,0,0.5258301497
concevoir-4.4,"Prétraiter, estimer et prédire un signal à l’aide d’un système non linéaire",DDRS-004,Analyser et comprendre une ACV,0,0.5620725751
concevoir-4.4,"Prétraiter, estimer et prédire un signal à l’aide d’un système non linéaire",DDRS-005,"Faire preuve de regard critique sur les résultats d'une ACV (hypothèses sur les données, contexte dans lequel elle est valide...)",0,0.5193269253
concevoir-4.5,Échanger de manière adaptée et sécurisée les données en temps réel,DDRS-001,Connaître les évolutions récentes du système terre et des causes de celles-ci,0,0.5034888387
concevoir-4.5,Échanger de manière adaptée et sécurisée les données en temps réel,DDRS-002,Catégoriser les impacts environnementaux des activités anthropiques,0,0.5138127804
concevoir-4.5,Échanger de manière adaptée et sécurisée les données en temps réel,DDRS-003,Définir une Unité Fonctionnelle et un flux de référence,0,0.5187300444
concevoir-4.5,Échanger de manière adaptée et sécurisée les données en temps réel,DDRS-004,Analyser et comprendre une ACV,0,0.5303167105
concevoir-4.5,Échanger de manière adaptée et sécurisée les données en temps réel,DDRS-005,"Faire preuve de regard critique sur les résultats d'une ACV (hypothèses sur les données, contexte dans lequel elle est valide...)",0,0.5025553703
concevoir-4.6,Choisir un modèle optimal d'un problème de traitement de données et évaluer ses performances,DDRS-001,Connaître les évolutions récentes du système terre et des causes de celles-ci,0,0.4847481549
concevoir-4.6,Choisir un modèle optimal d'un problème de traitement de données et évaluer ses performances,DDRS-002,Catégoriser les impacts environnementaux des activités anthropiques,0,0.5007625222
concevoir-4.6,Choisir un modèle optimal d'un problème de traitement de données et évaluer ses performances,DDRS-003,Définir une Unité Fonctionnelle et un flux de référence,0,0.5047215819
concevoir-4.6,Choisir un modèle optimal d'un problème de traitement de données et évaluer ses performances,DDRS-004,Analyser et comprendre une ACV,0,0.5501953363
concevoir-4.6,Choisir un modèle optimal d'un problème de traitement de données et évaluer ses performances,DDRS-005,"Faire preuve de regard critique sur les résultats d'une ACV (hypothèses sur les données, contexte dans lequel elle est valide...)",0,0.5353521705
developper-1.1,Implémenter efficacement un algorithme dans un langage de la programmation structurée,DDRS-001,Connaître les évolutions récentes du système terre et des causes de celles-ci,0,0.4862166643
developper-1.1,Implémenter efficacement un algorithme dans un langage de la programmation structurée,DDRS-002,Catégoriser les impacts environnementaux des activités anthropiques,0,0.4989740252
developper-1.1,Implémenter efficacement un algorithme dans un langage de la programmation structurée,DDRS-003,Définir une Unité Fonctionnelle et un flux de référence,0,0.5074865818
developper-1.1,Implémenter efficacement un algorithme dans un langage de la programmation structurée,DDRS-004,Analyser et comprendre une ACV,0,0.5311263800
developper-1.1,Implémenter efficacement un algorithme dans un langage de la programmation structurée,DDRS-005,"Faire preuve de regard critique sur les résultats d'une ACV (hypothèses sur les données, contexte dans lequel elle est valide...)",0,0.4869109094
developper-1.2,Utiliser un logiciel de suivi de version,DDRS-001,Connaître les évolutions récentes du système terre et des causes de celles-ci,0,0.5062860847
developper-1.2,Utiliser un logiciel de suivi de version,DDRS-002,Catégoriser les impacts environnementaux des activités anthropiques,0,0.5148313046
developper-1.2,Utiliser un logiciel de suivi de version,DDRS-003,Définir une Unité Fonctionnelle et un flux de référence,0,0.5127553940
developper-1.2,Utiliser un logiciel de suivi de version,DDRS-004,Analyser et comprendre une ACV,0,0.5297348499
developper-1.2,Utiliser un logiciel de suivi de version,DDRS-005,"Faire preuve de regard critique sur les résultats d'une ACV (hypothèses sur les données, contexte dans lequel elle est valide...)",0,0.4996451139
developper-1.3,Caractériser le matériel et le système au regard des besoins,DDRS-001,Connaître les évolutions récentes du système terre et des causes de celles-ci,0,0.5071064234
developper-1.3,Caractériser le matériel et le système au regard des besoins,DDRS-002,Catégoriser les impacts environnementaux des activités anthropiques,0,0.5198886395
developper-1.3,Caractériser le matériel et le système au regard des besoins,DDRS-003,Définir une Unité Fonctionnelle et un flux de référence,0,0.5239549875
developper-1.3,Caractériser le matériel et le système au regard des besoins,DDRS-004,Analyser et comprendre une ACV,0,0.5393166542
developper-1.3,Caractériser le matériel et le système au regard des besoins,DDRS-005,"Faire preuve de regard critique sur les résultats d'une ACV (hypothèses sur les données, contexte dans lequel elle est valide...)",0,0.5258382559
developper-2.1,Implémenter dans un langage de la programmation orientée objet à partir de diagrammes UML,DDRS-001,Connaître les évolutions récentes du système terre et des causes de celles-ci,0,0.4856114984
developper-2.1,Implémenter dans un langage de la programmation orientée objet à partir de diagrammes UML,DDRS-002,Catégoriser les impacts environnementaux des activités anthropiques,0,0.4984187186
developper-2.1,Implémenter dans un langage de la programmation orientée objet à partir de diagrammes UML,DDRS-003,Définir une Unité Fonctionnelle et un flux de référence,0,0.5032080412
developper-2.1,Implémenter dans un langage de la programmation orientée objet à partir de diagrammes UML,DDRS-004,Analyser et comprendre une ACV,0,0.5219784975
developper-2.1,Implémenter dans un langage de la programmation orientée objet à partir de diagrammes UML,DDRS-005,"Faire preuve de regard critique sur les résultats d'une ACV (hypothèses sur les données, contexte dans lequel elle est valide...)",0,0.4816298485
developper-2.2,Exploiter une documentation,DDRS-001,Connaître les évolutions récentes du système terre et des causes de celles-ci,0,0.5094087124
developper-2.2,Exploiter une documentation,DDRS-002,Catégoriser les impacts environnementaux des activités anthropiques,0,0.5226079822
developper-2.2,Exploiter une documentation,DDRS-003,Définir une Unité Fonctionnelle et un flux de référence,0,0.5238068104
developper-2.2,Exploiter une documentation,DDRS-004,Analyser et comprendre une ACV,0,0.5624625087
developper-2.2,Exploiter une documentation,DDRS-005,"Faire preuve de regard critique sur les résultats d'une ACV (hypothèses sur les données, contexte dans lequel elle est valide...)",0,0.5185167789
developper-3.1,Caractériser et représenter l’information,DDRS-001,Connaître les évolutions récentes du système terre et des causes de celles-ci,0,0.5053220987
developper-3.1,Caractériser et représenter l’information,DDRS-002,Catégoriser les impacts environnementaux des activités anthropiques,0,0.5296627283
developper-3.1,Caractériser et représenter l’information,DDRS-003,Définir une Unité Fonctionnelle et un flux de référence,0,0.5258666277
developper-3.1,Caractériser et représenter l’information,DDRS-004,Analyser et comprendre une ACV,0,0.5658106208
developper-3.1,Caractériser et représenter l’information,DDRS-005,"Faire preuve de regard critique sur les résultats d'une ACV (hypothèses sur les données, contexte dans lequel elle est valide...)",0,0.5476631522
developper-3.2,Optimiser et sécuriser l’échange de données,DDRS-001,Connaître les évolutions récentes du système terre et des causes de celles-ci,0,0.4987592101
developper-3.2,Optimiser et sécuriser l’échange de données,DDRS-002,Catégoriser les impacts environnementaux des activités anthropiques,0,0.5100758076
developper-3.2,Optimiser et sécuriser l’échange de données,DDRS-003,Définir une Unité Fonctionnelle et un flux de référence,0,0.5144934654
developper-3.2,Optimiser et sécuriser l’échange de données,DDRS-004,Analyser et comprendre une ACV,0,0.5372922421
developper-3.2,Optimiser et sécuriser l’échange de données,DDRS-005,"Faire preuve de regard critique sur les résultats d'une ACV (hypothèses sur les données, contexte dans lequel elle est valide...)",0,0.5097626448
developper-3.3,Utiliser et paramétrer des frameworks adaptés,DDRS-001,Connaître les évolutions récentes du système terre et des causes de celles-ci,0,0.5003854036
developper-3.3,Utiliser et paramétrer des frameworks adaptés,DDRS-002,Catégoriser les impacts environnementaux des activités anthropiques,0,0.5121690631
developper-3.3,Utiliser et paramétrer des frameworks adaptés,DDRS-003,Définir une Unité Fonctionnelle et un flux de référence,0,0.5201643109
developper-3.3,Utiliser et paramétrer des frameworks adaptés,DDRS-004,Analyser et comprendre une ACV,0,0.5373305678
developper-3.3,Utiliser et paramétrer des frameworks adaptés,DDRS-005,"Faire preuve de regard critique sur les résultats d'une ACV (hypothèses sur les données, contexte dans lequel elle est valide...)",0,0.4980241954
developper-4.1,Automatiser les tâches de validation et de déploiement,DDRS-001,Connaître les évolutions récentes du système terre et des causes de celles-ci,0,0.4990475774
developper-4.1,Automatiser les tâches de validation et de déploiement,DDRS-002,Catégoriser les impacts environnementaux des activités anthropiques,0,0.5147452354
developper-4.1,Automatiser les tâches de validation et de déploiement,DDRS-003,Définir une Unité Fonctionnelle et un flux de référence,0,0.5147499442
developper-4.1,Automatiser les tâches de validation et de déploiement,DDRS-004,Analyser et comprendre une ACV,0,0.5315949917
developper-4.1,Automatiser les tâches de validation et de déploiement,DDRS-005,"Faire preuve de regard critique sur les résultats d'une ACV (hypothèses sur les données, contexte dans lequel elle est valide...)",0,0.4943899512
developper-4.2,Mettre en œuvre l’architecture matérielle et logicielle,DDRS-001,Connaître les évolutions récentes du système terre et des causes de celles-ci,0,0.5014916062
developper-4.2,Mettre en œuvre l’architecture matérielle et logicielle,DDRS-002,Catégoriser les impacts environnementaux des activités anthropiques,0,0.5141786337
developper-4.2,Mettre en œuvre l’architecture matérielle et logicielle,DDRS-003,Définir une Unité Fonctionnelle et un flux de référence,0,0.5256549716
developper-4.2,Mettre en œuvre l’architecture matérielle et logicielle,DDRS-004,Analyser et comprendre une ACV,0,0.5335679650
developper-4.2,Mettre en œuvre l’architecture matérielle et logicielle,DDRS-005,"Faire preuve de regard critique sur les résultats d'une ACV (hypothèses sur les données, contexte dans lequel elle est valide...)",0,0.4943397641
gerer-1.1,Utiliser une forge pour la gestion des tickets,DDRS-001,Connaître les évolutions récentes du système terre et des causes de celles-ci,0,0.4916066229
gerer-1.1,Utiliser une forge pour la gestion des tickets,DDRS-002,Catégoriser les impacts environnementaux des activités anthropiques,0,0.5040354729
gerer-1.1,Utiliser une forge pour la gestion des tickets,DDRS-003,Définir une Unité Fonctionnelle et un flux de référence,0,0.5092641711
gerer-1.1,Utiliser une forge pour la gestion des tickets,DDRS-004,Analyser et comprendre une ACV,0,0.5250771046
gerer-1.1,Utiliser une forge pour la gestion des tickets,DDRS-005,"Faire preuve de regard critique sur les résultats d'une ACV (hypothèses sur les données, contexte dans lequel elle est valide...)",0,0.4866395593
gerer-1.2,Utiliser le cycle de développement en V,DDRS-001,Connaître les évolutions récentes du système terre et des causes de celles-ci,0,0.5119984746
gerer-1.2,Utiliser le cycle de développement en V,DDRS-002,Catégoriser les impacts environnementaux des activités anthropiques,0,0.5201756954
gerer-1.2,Utiliser le cycle de développement en V,DDRS-003,Définir une Unité Fonctionnelle et un flux de référence,0,0.5220372677
gerer-1.2,Utiliser le cycle de développement en V,DDRS-004,Analyser et comprendre une ACV,0,0.5433615446
gerer-1.2,Utiliser le cycle de développement en V,DDRS-005,"Faire preuve de regard critique sur les résultats d'une ACV (hypothèses sur les données, contexte dans lequel elle est valide...)",0,0.5169332027
gerer-2.1,Utiliser un framework de tests unitaires,DDRS-001,Connaître les évolutions récentes du système terre et des causes de celles-ci,0,0.4954037070
gerer-2.1,Utiliser un framework de tests unitaires,DDRS-002,Catégoriser les impacts environnementaux des activités anthropiques,0,0.5076634884
gerer-2.1,Utiliser un framework de tests unitaires,DDRS-003,Définir une Unité Fonctionnelle et un flux de référence,0,0.5380616188
gerer-2.1,Utiliser un framework de tests unitaires,DDRS-004,Analyser et comprendre une ACV,0,0.5455842018
gerer-2.1,Utiliser un framework de tests unitaires,DDRS-005,"Faire preuve de regard critique sur les résultats d'une ACV (hypothèses sur les données, contexte dans lequel elle est valide...)",0,0.5095652342
gerer-2.2,Utiliser un logiciel d’audit de code statique,DDRS-001,Connaître les évolutions récentes du système terre et des causes de celles-ci,0,0.4894071817
gerer-2.2,Utiliser un logiciel d’audit de code statique,DDRS-002,Catégoriser les impacts environnementaux des activités anthropiques,0,0.5023040771
gerer-2.2,Utiliser un logiciel d’audit de code statique,DDRS-003,Définir une Unité Fonctionnelle et un flux de référence,0,0.5030316114
gerer-2.2,Utiliser un logiciel d’audit de code statique,DDRS-004,Analyser et comprendre une ACV,0,0.5271855593
gerer-2.2,Utiliser un logiciel d’audit de code statique,DDRS-005,"Faire preuve de regard critique sur les résultats d'une ACV (hypothèses sur les données, contexte dans lequel elle est valide...)",0,0.4940725565
gerer-2.3,Mettre en place des tests de non régression,DDRS-001,Connaître les évolutions récentes du système terre et des causes de celles-ci,0,0.5019217730
gerer-2.3,Mettre en place des tests de non régression,DDRS-002,Catégoriser les impacts environnementaux des activités anthropiques,0,0.5142083764
gerer-2.3,Mettre en place des tests de non régression,DDRS-003,Définir une Unité Fonctionnelle et un flux de référence,0,0.5203437805
gerer-2.3,Mettre en place des tests de non régression,DDRS-004,Analyser et comprendre une ACV,0,0.5377258658
gerer-2.3,Mettre en place des tests de non régression,DDRS-005,"Faire preuve de regard critique sur les résultats d'une ACV (hypothèses sur les données, contexte dans lequel elle est valide...)",0,0.5208626390
gerer-3.1,Utiliser un cycle de développement Agile,DDRS-001,Connaître les évolutions récentes du système terre et des causes de celles-ci,0,0.4988357127
gerer-3.1,Utiliser un cycle de développement Agile,DDRS-002,Catégoriser les impacts environnementaux des activités anthropiques,0,0.5080609322
gerer-3.1,Utiliser un cycle de développement Agile,DDRS-003,Définir une Unité Fonctionnelle et un flux de référence,0,0.5092191696
gerer-3.1,Utiliser un cycle de développement Agile,DDRS-004,Analyser et comprendre une ACV,0,0.5271059275
gerer-3.1,Utiliser un cycle de développement Agile,DDRS-005,"Faire preuve de regard critique sur les résultats d'une ACV (hypothèses sur les données, contexte dans lequel elle est valide...)",0,0.4867928624
gerer-3.2,Suivre des procédures,DDRS-001,Connaître les évolutions récentes du système terre et des causes de celles-ci,0,0.5165317059
gerer-3.2,Suivre des procédures,DDRS-002,Catégoriser les impacts environnementaux des activités anthropiques,0,0.5357781649
gerer-3.2,Suivre des procédures,DDRS-003,Définir une Unité Fonctionnelle et un flux de référence,0,0.5268720388
gerer-3.2,Suivre des procédures,DDRS-004,Analyser et comprendre une ACV,0,0.5359356403
gerer-3.2,Suivre des procédures,DDRS-005,"Faire preuve de regard critique sur les résultats d'une ACV (hypothèses sur les données, contexte dans lequel elle est valide...)",0,0.5011918545
gerer-3.3,Rédiger des procédures,DDRS-001,Connaître les évolutions récentes du système terre et des causes de celles-ci,0,0.5046499372
gerer-3.3,Rédiger des procédures,DDRS-002,Catégoriser les impacts environnementaux des activités anthropiques,0,0.5252746344
gerer-3.3,Rédiger des procédures,DDRS-003,Définir une Unité Fonctionnelle et un flux de référence,0,0.5248771906
gerer-3.3,Rédiger des procédures,DDRS-004,Analyser et comprendre une ACV,0,0.5315935612
gerer-3.3,Rédiger des procédures,DDRS-005,"Faire preuve de regard critique sur les résultats d'une ACV (hypothèses sur les données, contexte dans lequel elle est valide...)",0,0.5014353991
gerer-4.1,Auditer des projets,DDRS-001,Connaître les évolutions récentes du système terre et des causes de celles-ci,0,0.5000172853
gerer-4.1,Auditer des projets,DDRS-002,Catégoriser les impacts environnementaux des activités anthropiques,0,0.5211647749
gerer-4.1,Auditer des projets,DDRS-003,Définir une Unité Fonctionnelle et un flux de référence,0,0.5150631666
gerer-4.1,Auditer des projets,DDRS-004,Analyser et comprendre une ACV,0,0.5459817648
gerer-4.1,Auditer des projets,DDRS-005,"Faire preuve de regard critique sur les résultats d'une ACV (hypothèses sur les données, contexte dans lequel elle est valide...)",0,0.5106320977
gerer-4.2,Passer des audits,DDRS-001,Connaître les évolutions récentes du système terre et des causes de celles-ci,0,0.5013994575
gerer-4.2,Passer des audits,DDRS-002,Catégoriser les impacts environnementaux des activités anthropiques,0,0.5168690681
gerer-4.2,Passer des audits,DDRS-003,Définir une Unité Fonctionnelle et un flux de référence,0,0.5152786970
gerer-4.2,Passer des audits,DDRS-004,Analyser et comprendre une ACV,0,0.5338292122
gerer-4.2,Passer des audits,DDRS-005,"Faire preuve de regard critique sur les résultats d'une ACV (hypothèses sur les données, contexte dans lequel elle est valide...)",0,0.5018645525
gerer-4.3,Organiser les rôles et les tâches,DDRS-001,Connaître les évolutions récentes du système terre et des causes de celles-ci,0,0.4995564222
gerer-4.3,Organiser les rôles et les tâches,DDRS-002,Catégoriser les impacts environnementaux des activités anthropiques,0,0.5169578195
gerer-4.3,Organiser les rôles et les tâches,DDRS-003,Définir une Unité Fonctionnelle et un flux de référence,0,0.5229006410
gerer-4.3,Organiser les rôles et les tâches,DDRS-004,Analyser et comprendre une ACV,0,0.5382843018
gerer-4.3,Organiser les rôles et les tâches,DDRS-005,"Faire preuve de regard critique sur les résultats d'une ACV (hypothèses sur les données, contexte dans lequel elle est valide...)",0,0.4908801019
communiquer-1.1,Documenter le code à l’aide d’un framework,DDRS-001,Connaître les évolutions récentes du système terre et des causes de celles-ci,0,0.4889842272
communiquer-1.1,Documenter le code à l’aide d’un framework,DDRS-002,Catégoriser les impacts environnementaux des activités anthropiques,0,0.5010726452
communiquer-1.1,Documenter le code à l’aide d’un framework,DDRS-003,Définir une Unité Fonctionnelle et un flux de référence,0,0.5100468397
communiquer-1.1,Documenter le code à l’aide d’un framework,DDRS-004,Analyser et comprendre une ACV,0,0.5276632309
communiquer-1.1,Documenter le code à l’aide d’un framework,DDRS-005,"Faire preuve de regard critique sur les résultats d'une ACV (hypothèses sur les données, contexte dans lequel elle est valide...)",0,0.5024003983
communiquer-1.2,Rédiger un rapport cohérent retraçant toutes les étapes du cycle de vie du projet,DDRS-001,Connaître les évolutions récentes du système terre et des causes de celles-ci,0,0.4885697663
communiquer-1.2,Rédiger un rapport cohérent retraçant toutes les étapes du cycle de vie du projet,DDRS-002,Catégoriser les impacts environnementaux des activités anthropiques,0,0.5029889345
communiquer-1.2,Rédiger un rapport cohérent retraçant toutes les étapes du cycle de vie du projet,DDRS-003,Définir une Unité Fonctionnelle et un flux de référence,0,0.5008617640
communiquer-1.2,Rédiger un rapport cohérent retraçant toutes les étapes du cycle de vie du projet,DDRS-004,Analyser et comprendre une ACV,0,0.5283662081
communiquer-1.2,Rédiger un rapport cohérent retraçant toutes les étapes du cycle de vie du projet,DDRS-005,"Faire preuve de regard critique sur les résultats d'une ACV (hypothèses sur les données, contexte dans lequel elle est valide...)",0,0.5032250881
communiquer-1.3,Représenter les modèles à l’aide de langage formel,DDRS-001,Connaître les évolutions récentes du système terre et des causes de celles-ci,0,0.4960781932
communiquer-1.3,Représenter les modèles à l’aide de langage formel,DDRS-002,Catégoriser les impacts environnementaux des activités anthropiques,0,0.5079289675
communiquer-1.3,Représenter les modèles à l’aide de langage formel,DDRS-003,Définir une Unité Fonctionnelle et un flux de référence,0,0.5212364197
communiquer-1.3,Représenter les modèles à l’aide de langage formel,DDRS-004,Analyser et comprendre une ACV,0,0.5381115675
communiquer-1.3,Représenter les modèles à l’aide de langage formel,DDRS-005,"Faire preuve de regard critique sur les résultats d'une ACV (hypothèses sur les données, contexte dans lequel elle est valide...)",0,0.5005491376
communiquer-2.1,Rédiger des supports de présentation,DDRS-001,Connaître les évolutions récentes du système terre et des causes de celles-ci,0,0.5045510530
communiquer-2.1,Rédiger des supports de présentation,DDRS-002,Catégoriser les impacts environnementaux des activités anthropiques,0,0.5184627175
communiquer-2.1,Rédiger des supports de présentation,DDRS-003,Définir une Unité Fonctionnelle et un flux de référence,0,0.5168992281
communiquer-2.1,Rédiger des supports de présentation,DDRS-004,Analyser et comprendre une ACV,0,0.5332698822
communiquer-2.1,Rédiger des supports de présentation,DDRS-005,"Faire preuve de regard critique sur les résultats d'une ACV (hypothèses sur les données, contexte dans lequel elle est valide...)",0,0.5058456659
communiquer-2.2,Restituer oralement le travail réalisé,DDRS-001,Connaître les évolutions récentes du système terre et des causes de celles-ci,0,0.5030244589
communiquer-2.2,Restituer oralement le travail réalisé,DDRS-002,Catégoriser les impacts environnementaux des activités anthropiques,0,0.5213969946
communiquer-2.2,Restituer oralement le travail réalisé,DDRS-003,Définir une Unité Fonctionnelle et un flux de référence,0,0.5169342756
communiquer-2.2,Restituer oralement le travail réalisé,DDRS-004,Analyser et comprendre une ACV,0,0.5309734941
communiquer-2.2,Restituer oralement le travail réalisé,DDRS-005,"Faire preuve de regard critique sur les résultats d'une ACV (hypothèses sur les données, contexte dans lequel elle est valide...)",0,0.5010672808
communiquer-2.3,Synthétiser le travail réalisé,DDRS-001,Connaître les évolutions récentes du système terre et des causes de celles-ci,0,0.5026586056
communiquer-2.3,Synthétiser le travail réalisé,DDRS-002,Catégoriser les impacts environnementaux des activités anthropiques,0,0.5214474797
communiquer-2.3,Synthétiser le travail réalisé,DDRS-003,Définir une Unité Fonctionnelle et un flux de référence,0,0.5210857987
communiquer-2.3,Synthétiser le travail réalisé,DDRS-004,Analyser et comprendre une ACV,0,0.5320820808
communiquer-2.3,Synthétiser le travail réalisé,DDRS-005,"Faire preuve de regard critique sur les résultats d'une ACV (hypothèses sur les données, contexte dans lequel elle est valide...)",0,0.4997636676
communiquer-3.1,Interpréter les résultats dans le contexte du problème,DDRS-001,Connaître les évolutions récentes du système terre et des causes de celles-ci,0,0.5010843873
communiquer-3.1,Interpréter les résultats dans le contexte du problème,DDRS-002,Catégoriser les impacts environnementaux des activités anthropiques,0,0.5189502239
communiquer-3.1,Interpréter les résultats dans le contexte du problème,DDRS-003,Définir une Unité Fonctionnelle et un flux de référence,0,0.5150688291
communiquer-3.1,Interpréter les résultats dans le contexte du problème,DDRS-004,Analyser et comprendre une ACV,1,0.5690346956
communiquer-3.1,Interpréter les résultats dans le contexte du problème,DDRS-005,"Faire preuve de regard critique sur les résultats d'une ACV (hypothèses sur les données, contexte dans lequel elle est valide...)",0,0.6355707645
communiquer-3.2,Critiquer les résultats,DDRS-001,Connaître les évolutions récentes du système terre et des causes de celles-ci,0,0.5146603584
communiquer-3.2,Critiquer les résultats,DDRS-002,Catégoriser les impacts environnementaux des activités anthropiques,0,0.5341245532
communiquer-3.2,Critiquer les résultats,DDRS-003,Définir une Unité Fonctionnelle et un flux de référence,0,0.5137047172
communiquer-3.2,Critiquer les résultats,DDRS-004,Analyser et comprendre une ACV,0,0.5521626472
communiquer-3.2,Critiquer les résultats,DDRS-005,"Faire preuve de regard critique sur les résultats d'une ACV (hypothèses sur les données, contexte dans lequel elle est valide...)",1,0.6052795649
communiquer-3.3,Proposer des perspectives,DDRS-001,Connaître les évolutions récentes du système terre et des causes de celles-ci,0,0.5199428797
communiquer-3.3,Proposer des perspectives,DDRS-002,Catégoriser les impacts environnementaux des activités anthropiques,0,0.5313034654
communiquer-3.3,Proposer des perspectives,DDRS-003,Définir une Unité Fonctionnelle et un flux de référence,0,0.5250256062
communiquer-3.3,Proposer des perspectives,DDRS-004,Analyser et comprendre une ACV,0,0.5409895182
communiquer-3.3,Proposer des perspectives,DDRS-005,"Faire preuve de regard critique sur les résultats d'une ACV (hypothèses sur les données, contexte dans lequel elle est valide...)",0,0.5356612206
communiquer-3.4,Représenter de manière humainement compréhensible (graphiquement) les résultats,DDRS-001,Connaître les évolutions récentes du système terre et des causes de celles-ci,0,0.5028307438
communiquer-3.4,Représenter de manière humainement compréhensible (graphiquement) les résultats,DDRS-002,Catégoriser les impacts environnementaux des activités anthropiques,0,0.5272656083
communiquer-3.4,Représenter de manière humainement compréhensible (graphiquement) les résultats,DDRS-003,Définir une Unité Fonctionnelle et un flux de référence,0,0.5305014849
communiquer-3.4,Représenter de manière humainement compréhensible (graphiquement) les résultats,DDRS-004,Analyser et comprendre une ACV,0,0.5557835698
communiquer-3.4,Représenter de manière humainement compréhensible (graphiquement) les résultats,DDRS-005,"Faire preuve de regard critique sur les résultats d'une ACV (hypothèses sur les données, contexte dans lequel elle est valide...)",0,0.5584042072
communiquer-4.1,Résumer une méthode de l’état de l’art,DDRS-001,Connaître les évolutions récentes du système terre et des causes de celles-ci,0,0.4969697595
communiquer-4.1,Résumer une méthode de l’état de l’art,DDRS-002,Catégoriser les impacts environnementaux des activités anthropiques,0,0.5115808845
communiquer-4.1,Résumer une méthode de l’état de l’art,DDRS-003,Définir une Unité Fonctionnelle et un flux de référence,0,0.5134197474
communiquer-4.1,Résumer une méthode de l’état de l’art,DDRS-004,Analyser et comprendre une ACV,0,0.5443472862
communiquer-4.1,Résumer une méthode de l’état de l’art,DDRS-005,"Faire preuve de regard critique sur les résultats d'une ACV (hypothèses sur les données, contexte dans lequel elle est valide...)",0,0.4991030991
communiquer-4.2,Adapter son discours au public,DDRS-001,Connaître les évolutions récentes du système terre et des causes de celles-ci,0,0.5078986883
communiquer-4.2,Adapter son discours au public,DDRS-002,Catégoriser les impacts environnementaux des activités anthropiques,0,0.5197911859
communiquer-4.2,Adapter son discours au public,DDRS-003,Définir une Unité Fonctionnelle et un flux de référence,0,0.5134546757
communiquer-4.2,Adapter son discours au public,DDRS-004,Analyser et comprendre une ACV,0,0.5324822664
communiquer-4.2,Adapter son discours au public,DDRS-005,"Faire preuve de regard critique sur les résultats d'une ACV (hypothèses sur les données, contexte dans lequel elle est valide...)",0,0.5010164380
communiquer-4.3,Organiser la parole au sein d’un groupe,DDRS-001,Connaître les évolutions récentes du système terre et des causes de celles-ci,0,0.4972853661
communiquer-4.3,Organiser la parole au sein d’un groupe,DDRS-002,Catégoriser les impacts environnementaux des activités anthropiques,0,0.5109356642
communiquer-4.3,Organiser la parole au sein d’un groupe,DDRS-003,Définir une Unité Fonctionnelle et un flux de référence,0,0.5170431137
communiquer-4.3,Organiser la parole au sein d’un groupe,DDRS-004,Analyser et comprendre une ACV,0,0.5332766771
communiquer-4.3,Organiser la parole au sein d’un groupe,DDRS-005,"Faire preuve de regard critique sur les résultats d'une ACV (hypothèses sur les données, contexte dans lequel elle est valide...)",0,0.4987602234
communiquer-4.4,Convaincre son interlocuteur,DDRS-001,Connaître les évolutions récentes du système terre et des causes de celles-ci,0,0.5036402941
communiquer-4.4,Convaincre son interlocuteur,DDRS-002,Catégoriser les impacts environnementaux des activités anthropiques,0,0.5154440403
communiquer-4.4,Convaincre son interlocuteur,DDRS-003,Définir une Unité Fonctionnelle et un flux de référence,0,0.5155663490
communiquer-4.4,Convaincre son interlocuteur,DDRS-004,Analyser et comprendre une ACV,0,0.5338928103
communiquer-4.4,Convaincre son interlocuteur,DDRS-005,"Faire preuve de regard critique sur les résultats d'une ACV (hypothèses sur les données, contexte dans lequel elle est valide...)",0,0.5055363178
